<?xml version="1.0" ?>
<!-- Copyright (c) 2016-Present Webkul Software Pvt. Ltd. (<https://webkul.com/>) -->
<!-- See LICENSE file for full copyright and licensing details. -->
<!-- License URL : https://store.webkul.com/license.html/ -->

<odoo>
    <data noupdate="1">
        <!--Mail to customer on approve testrequest -->
        <record id="patho_mgmt_email_template_to_customer" model="mail.template">
            <field name="name">Mail to Customer On Approve Test Request</field>
            <field name="email_from">${object.create_uid.company_id.partner_id.email or '' | safe}</field>
            <field name="subject"> Test Request Confirmed at ${object.create_uid.company_id.name}</field>
            <field name="email_to">${object.customer_id.email or '' | safe}</field>
            <field name="model_id" ref="wk_pathology_management.model_patho_testrequest"/>
            <field name="auto_delete" eval="True"/>
            <field name="lang">${object.lang}</field>
            <field name="body_html"><![CDATA[
              <p>Dear ${object.customer_id.name} , </p>
                        <br/>
                        <p>Your Request at ${object.create_uid.company_id.name} is confirmed.</p>
                        <p>Kindly be on time.</p>
                        <br/>
                        <b>Date :</b> ${object.test_date}
                        <p>You can reply to this email if you have any questions.</p><br/>
                        <p>Thank you,</p>
                        <p>(${object.create_uid.company_id.name})</p>
             ]]>
            </field>
        </record>
    </data>
</odoo>
